{
  "baseline": {
    "best_acc": 0.8059105431309904,
    "epochs": [
      0.7587859424920128,
      0.8035143769968051,
      0.7907348242811502,
      0.7971246006389776,
      0.7851437699680511,
      0.7947284345047924,
      0.8059105431309904,
      0.8059105431309904,
      0.7899361022364217,
      0.7827476038338658
    ]
  },
  "batch_norm": {
    "best_acc": 0.8019169329073482,
    "epochs": [
      0.75,
      0.7715654952076677,
      0.7787539936102237,
      0.7492012779552716,
      0.7819488817891374,
      0.7939297124600639,
      0.8019169329073482,
      0.7108626198083067,
      0.8003194888178914,
      0.7947284345047924
    ]
  },
  "residual": {
    "best_acc": 0.8011182108626198,
    "epochs": [
      0.7476038338658147,
      0.7643769968051118,
      0.7843450479233227,
      0.7883386581469649,
      0.7931309904153354,
      0.7899361022364217,
      0.7803514376996805,
      0.7843450479233227,
      0.8011182108626198,
      0.7955271565495208
    ]
  },
  "augmented": {
    "best_acc": 0.7875399361022364,
    "epochs": [
      0.6829073482428115,
      0.7164536741214057,
      0.7739616613418531,
      0.6246006389776357,
      0.7731629392971247,
      0.7875399361022364,
      0.7739616613418531,
      0.7851437699680511,
      0.7795527156549521,
      0.7707667731629393
    ]
  },
  "transfer_vgg16": {
    "best_acc": 0.8722044728434505,
    "epochs": [
      0.8394568690095847,
      0.860223642172524,
      0.8674121405750799,
      0.8642172523961661,
      0.8706070287539937,
      0.8634185303514377,
      0.8634185303514377,
      0.8610223642172524,
      0.8650159744408946,
      0.8626198083067093,
      0.8642172523961661,
      0.865814696485623,
      0.8538338658146964,
      0.8698083067092651,
      0.8626198083067093,
      0.8626198083067093,
      0.8586261980830671,
      0.8618210862619808,
      0.8634185303514377,
      0.8642172523961661,
      0.8690095846645367,
      0.8666134185303515,
      0.8722044728434505,
      0.860223642172524,
      0.8666134185303515,
      0.8634185303514377,
      0.8594249201277955,
      0.8714057507987221,
      0.8626198083067093,
      0.8642172523961661
    ]
  }
}