{
  "baseline": {
    "best_acc": 0.8210862619808307,
    "epochs": [
      0.7675718849840255,
      0.7971246006389776,
      0.7651757188498403,
      0.797923322683706,
      0.7971246006389776,
      0.8035143769968051,
      0.7667731629392971,
      0.8075079872204473,
      0.797923322683706,
      0.8210862619808307
    ]
  },
  "batch_norm": {
    "best_acc": 0.8146964856230032,
    "epochs": [
      0.7523961661341853,
      0.7939297124600639,
      0.8011182108626198,
      0.7811501597444089,
      0.8035143769968051,
      0.8146964856230032,
      0.7987220447284346,
      0.7172523961661342,
      0.7699680511182109,
      0.7835463258785943
    ]
  },
  "residual": {
    "best_acc": 0.8186900958466453,
    "epochs": [
      0.7675718849840255,
      0.7827476038338658,
      0.75,
      0.7667731629392971,
      0.8019169329073482,
      0.7723642172523961,
      0.8170926517571885,
      0.7859424920127795,
      0.8186900958466453,
      0.8059105431309904
    ]
  },
  "augmented": {
    "best_acc": 0.8194888178913738,
    "epochs": [
      0.5575079872204473,
      0.768370607028754,
      0.4736421725239617,
      0.7875399361022364,
      0.6900958466453674,
      0.7771565495207667,
      0.7492012779552716,
      0.7899361022364217,
      0.7484025559105432,
      0.7875399361022364,
      0.7819488817891374,
      0.786741214057508,
      0.7771565495207667,
      0.8194888178913738,
      0.7843450479233227
    ]
  },
  "transfer_vgg16": {
    "best_acc": 0.8753993610223643,
    "epochs": [
      0.8490415335463258,
      0.8666134185303515,
      0.8634185303514377,
      0.8634185303514377,
      0.8618210862619808,
      0.8578274760383386,
      0.8610223642172524,
      0.8578274760383386,
      0.8522364217252396,
      0.8674121405750799,
      0.8618210862619808,
      0.8682108626198083,
      0.865814696485623,
      0.8698083067092651,
      0.8730031948881789,
      0.8722044728434505,
      0.8682108626198083,
      0.8714057507987221,
      0.8674121405750799,
      0.8690095846645367,
      0.8626198083067093,
      0.8753993610223643,
      0.8674121405750799,
      0.8690095846645367,
      0.8674121405750799,
      0.8626198083067093,
      0.865814696485623,
      0.8594249201277955,
      0.860223642172524,
      0.8586261980830671
    ]
  }
}